[
    {
      "name": "Nasi Uduk ",
      "fat": 21,
      "image": "https://img.kurio.network/P1Obhh7cenTadrAZ6Hc_XPjaVws=/1200x1200/filters:quality(80)/https://kurio-img.kurioapps.com/21/09/01/53606332-ec0c-478c-add9-78815b5cc658.jpe",
      "proteins": 4.3,
      "calories": 253.3,
      "carbohydrate": 11.7,
      "@search.score": 0.7158528,
      "@search.reranker_score": null,
      "@search.highlights": null,
      "@search.captions": null
    },
    {
      "name": "Nasi rames",
      "fat": 4.2,
      "image": "https://o-cdn-cas.sirclocdn.com/parenting/images/nasi-rames.width-800.format-webp.webp",
      "proteins": 10.3,
      "calories": 155,
      "carbohydrate": 19.1,
      "@search.score": 0.69032353,
      "@search.reranker_score": null,
      "@search.highlights": null,
      "@search.captions": null
    },
    {
      "name": "Ikan Lais bakar",
      "fat": 6.5,
      "image": "https://dotdolan.com/wp-content/uploads/2022/04/Olahan-Lais_IG-@rukurukuresto-e1649583973110.jpeg",
      "proteins": 17.5,
      "calories": 147,
      "carbohydrate": 5.4,
      "@search.score": 0.6607511,
      "@search.reranker_score": null,
      "@search.highlights": null,
      "@search.captions": null
    }
  ]